<?xml version="1.0" encoding="UTF-8"?>
<project-private xmlns="http://www.netbeans.org/ns/project-private/1">
    <editor-bookmarks xmlns="http://www.netbeans.org/ns/editor-bookmarks/2" lastBookmarkId="0"/>
    <open-files xmlns="http://www.netbeans.org/ns/projectui-open-files/2">
        <group>
            <file>file:/C:/Users/david/Desktop/ingenieria/InfoTrabajos/src/infotrabajos/Vista/Admin/IInicio.java</file>
            <file>file:/C:/Users/david/Desktop/ingenieria/InfoTrabajos/src/infotrabajos/Controlador/Ctrl_Acceso.java</file>
            <file>file:/C:/Users/david/Desktop/ingenieria/InfoTrabajos/src/infotrabajos/Vista/Admin/ICargar_Trabajos.java</file>
            <file>file:/C:/Users/david/Desktop/ingenieria/InfoTrabajos/src/infotrabajos/Controlador/Ctrl_Comite.java</file>
            <file>file:/C:/Users/david/Desktop/ingenieria/InfoTrabajos/src/infotrabajos/Modelo/Reportes/Conjunto_Profesores.java</file>
            <file>file:/C:/Users/david/Desktop/ingenieria/InfoTrabajos/src/infotrabajos/Vista/Consultas/IConsultar_Trabajos_Investigacion.java</file>
            <file>file:/C:/Users/david/Desktop/ingenieria/InfoTrabajos/src/infotrabajos/Modelo/Reportes/Trabajo.java</file>
            <file>file:/C:/Users/david/Desktop/ingenieria/InfoTrabajos/src/infotrabajos/Modelo/Reportes/Profesor.java</file>
            <file>file:/C:/Users/david/Desktop/ingenieria/InfoTrabajos/src/infotrabajos/Modelo/Reportes/Conjunto_Trabajos.java</file>
        </group>
    </open-files>
</project-private>
